logConc,density,densK
-3.019448903,0.017,17
-3.019448903,0.018,18
-1.633154439,0.121,121
-1.633154439,0.124,124
-0.940007258,0.206,206
-0.940007258,0.215,215
-0.246860078,0.377,377
-0.246860078,0.374,374
0.446287103,0.614,614
0.446287103,0.609,609
1.139434283,1.019,1019
1.139434283,1.001,1001
1.832581464,1.334,1334
1.832581464,1.364,1364
2.525728644,1.73,1730
2.525728644,1.71,1710
