logConc,density
-3.019448903,0.017
-3.019448903,0.018
-1.633154439,0.121
-1.633154439,0.124
-0.940007258,0.206
-0.940007258,0.215
-0.246860078,0.377
-0.246860078,0.374
0.446287103,0.614
0.446287103,0.609
1.139434283,1.019
1.139434283,1.001
1.832581464,1.334
1.832581464,1.364
2.525728644,1.73
2.525728644,1.71
