generation,mean,stddev,n,Weights
P1,3.676,0.1973879,15,384.9905
P2,4.6342,0.1296397,15,892.5141
F1,3.231667,0.1696558,15,521.1392
F2,3.515867,0.1262848,15,940.5664
BC1,3.7756,0.1501788,15,665.0798
BC2,4.483,0.379357,15,104.2306
