"REP","Sum.DFF","Mean.DFF","Median.DFF","Sum.PLHT","Mean.PLHT","Median.PLHT","Sum.PNCLE","Mean.PNCLE","Median.PNCLE","Sum.GRNYLD","Mean.GRNYLD","Median.GRNYLD"
"1",6553,126.019230769231,126,6639.2,127.676923076923,125.45,11950,229.807692307692,230.5,196080,3770.76923076923,3950
"2",6564,126.230769230769,126,6712.5,129.086538461538,123.3,11918,229.192307692308,230,196295,3774.90384615385,3950
"3",6423,123.519230769231,125,6690.8,128.669230769231,125.6,12031,231.365384615385,230.5,194060,3731.92307692308,3925
