"consum","y1","y2","y2_pred","y2_resid","y1_pred","y1_resid"
15,1960,1973.333333,1971.95839455392,1.37493844608184,1963.2773724122,-3.27737241220143
18,1969,1979,1975.91310586022,3.08689413978027,1966.96356467199,2.03643532800879
21.8,1979,1974.166667,1980.17003278939,-6.00336578939073,1971.9882151715,7.01178482849969
24,1975,1979,1982.25022974311,-3.25022974310923,1975.0788120555,-0.0788120554973375
26,1973,1983,1983.89673808045,-0.89673808045336,1978.0040020319,-5.00400203190361
29,1980,1989,1985.92975093933,3.0702490606734,1982.59813779205,-2.59813779204819
33,1990,1993,1987.82516874316,5.1748312568418,1989.10884029057,0.891159709426802
36,1995,1990,1988.63528259003,1.36471740996785,1994.28075827822,0.719241721783874
39,2000,1985,1988.92129686033,-3.92129686033445,1999.7002972205,0.29970277949883
