"","YIELD","Yld2","Yld3"
"YIELD",1.00166666666667,-1.32062738332698,2.18897701458247
"Yld2",-1.32062738332698,1.75707671464587,-2.97635879198866
"Yld3",2.18897701458247,-2.97635879198866,5.29629629629629
